Date_Time,Open,High,Low,Close,Volume
2016-11-11 09:45:00,37.36,37.46,37.28,37.345,0
2016-11-11 10:00:00,37.35,37.38,37.2,37.3,0
2016-11-11 10:15:00,37.29,37.29,37.06,37.15,0
2016-11-11 10:30:00,37.14,37.14,36.89,36.95,0
2016-11-11 10:45:00,36.96,37.11,36.95,36.98,0
2016-11-11 11:00:00,36.98,37.15,36.88,37.01,0
2016-11-11 11:15:00,37.02,37.16,37.005,37.11,0
2016-11-11 11:30:00,37.12,37.205,37.095,37.16,0
2016-11-11 11:45:00,37.16,37.26,37.13,37.14,0
2016-11-11 12:00:00,37.15,37.185,37.02,37.17,0
2016-11-11 12:15:00,37.17,37.26,37.13,37.24,0
2016-11-11 12:30:00,37.24,37.3,37.17,37.285,0
2016-11-11 12:45:00,37.28,37.3101,37.24,37.27,0
2016-11-11 13:00:00,37.27,37.37,37.22,37.26,0
2016-11-11 13:15:00,37.25,37.25,37.13,37.195,0
2016-11-11 13:30:00,37.195,37.22,37.16,37.17,0
2016-11-11 13:45:00,37.175,37.29,37.175,37.27,0
2016-11-11 14:00:00,37.28,37.28,37.18,37.18,0
2016-11-11 14:15:00,37.18,37.25,37.14,37.205,0
2016-11-11 14:30:00,37.21,37.29,37.205,37.27,0
2016-11-11 14:45:00,37.27,37.32,37.26,37.295,0
2016-11-11 15:00:00,37.295,37.37,37.22,37.22,0
2016-11-14 09:45:00,37.44,37.78,37.44,37.55,209199
2016-11-14 10:00:00,37.55,37.98,37.45,37.9,313384
2016-11-14 10:15:00,37.8901,38.26,37.89,38.24,142126
2016-11-14 10:30:00,38.26,38.5,38.23,38.29,188728
2016-11-14 10:45:00,38.28,38.33,38.15,38.24,196372
2016-11-14 11:00:00,38.24,38.32,38.21,38.26,152269
2016-11-14 11:15:00,38.26,38.4,38.1,38.4,142682
2016-11-14 11:30:00,38.4,38.43,38.28,38.4,191393
2016-11-14 11:45:00,38.4,38.5,38.37,38.46,119228
2016-11-14 12:00:00,38.45,38.46,38.29,38.38,94751
2016-11-14 12:15:00,38.38,38.39,38.27,38.29,89967
2016-11-14 12:30:00,38.3,38.42,38.21,38.4,88955
2016-11-14 12:45:00,38.4,38.49,38.29,38.47,156994
2016-11-14 13:00:00,38.48,38.55,38.4183,38.5,129246
2016-11-14 13:15:00,38.5,38.7,38.47,38.69,97034
2016-11-14 13:30:00,38.7,38.8,38.68,38.77,144797
2016-11-14 13:45:00,38.76,38.94,38.73,38.91,150019
2016-11-14 14:00:00,38.9,38.91,38.75,38.77,161273
2016-11-14 14:15:00,38.78,38.82,38.63,38.79,179060
2016-11-14 14:30:00,38.8,38.96,38.77,38.88,196666
2016-11-14 14:45:00,38.88,38.92,38.82,38.84,132756
2016-11-14 15:00:00,38.85,38.88,38.74,38.87,172224
2016-11-14 15:15:00,38.865,38.91,38.7999,38.8399,239744
2016-11-14 15:30:00,38.8325,38.91,38.78,38.875,256338
2016-11-14 15:45:00,38.8702,38.885,38.71,38.73,368441
2016-11-14 16:00:00,38.73,38.76,38.58,38.71,814961
2016-11-15 09:45:00,38.5,38.65,38.34,38.38,132845
2016-11-15 10:00:00,38.37,38.38,38.18,38.28,211359
2016-11-15 10:15:00,38.275,38.6,38.27,38.5,609321
2016-11-15 10:30:00,38.5,38.6199,38.4,38.415,295789
2016-11-15 10:45:00,38.42,38.49,38.38,38.4599,99583
2016-11-15 11:00:00,38.45,38.5,38.41,38.42,113112
2016-11-15 11:15:00,38.42,38.59,38.4,38.59,155764
2016-11-15 11:30:00,38.59,38.62,38.39,38.46,51608
2016-11-15 11:45:00,38.46,38.55,38.42,38.43,67482
2016-11-15 12:00:00,38.4301,38.44,38.33,38.42,58950
2016-11-15 12:15:00,38.42,38.46,38.34,38.37,76183
2016-11-15 12:30:00,38.38,38.4,38.32,38.4,48693
2016-11-15 12:45:00,38.37,38.45,38.36,38.38,88495
2016-11-15 13:00:00,38.38,38.4,38.35,38.37,142280
2016-11-15 13:15:00,38.36,38.45,38.36,38.42,127254
2016-11-15 13:30:00,38.42,38.44,38.36,38.36,91855
2016-11-15 13:45:00,38.3601,38.5,38.35,38.48,128162
2016-11-15 14:00:00,38.4801,38.6,38.47,38.55,99801
2016-11-15 14:15:00,38.55,38.69,38.51,38.64,156775
2016-11-15 14:30:00,38.64,38.65,38.57,38.57,61810
2016-11-15 14:45:00,38.58,38.73,38.57,38.715,201485
2016-11-15 15:00:00,38.7,38.85,38.7,38.835,50106
2016-11-15 15:15:00,38.83,38.88,38.7938,38.87,70755
2016-11-15 15:30:00,38.88,38.975,38.88,38.93,160824
2016-11-15 15:45:00,38.92,38.95,38.895,38.935,138827
2016-11-15 16:00:00,38.94,38.95,38.85,38.9,650827
2016-11-16 09:45:00,38.5,38.9,38.41,38.87,88324
2016-11-16 10:00:00,38.88,38.89,38.7399,38.75,51512
2016-11-16 10:15:00,38.75,38.89,38.67,38.8,68463
2016-11-16 10:30:00,38.81,38.86,38.76,38.81,64343
2016-11-16 10:45:00,38.81,38.96,38.8,38.9,102017
2016-11-16 11:00:00,38.89,38.89,38.79,38.82,52616
2016-11-16 11:15:00,38.825,38.825,38.73,38.77,85677
2016-11-16 11:30:00,38.78,38.83,38.74,38.83,63244
2016-11-16 11:45:00,38.82,38.88,38.74,38.79,58976
2016-11-16 12:00:00,38.79,38.82,38.75,38.77,34226
2016-11-16 12:15:00,38.775,38.775,38.63,38.63,60660
2016-11-16 12:30:00,38.64,38.696,38.5636,38.68,38960
2016-11-16 12:45:00,38.675,38.7,38.6,38.6,42114
2016-11-16 13:00:00,38.6,38.65,38.58,38.64,33060
2016-11-16 13:15:00,38.65,38.6652,38.51,38.59,73383
2016-11-16 13:30:00,38.59,38.6,38.54,38.575,43637
2016-11-16 13:45:00,38.58,38.68,38.57,38.64,32737
2016-11-16 14:00:00,38.64,38.72,38.64,38.69,40311
2016-11-16 14:15:00,38.7,38.71,38.65,38.68,91466
2016-11-16 14:30:00,38.69,38.7,38.64,38.66,79995
2016-11-16 14:45:00,38.65,38.68,38.63,38.64,80258
2016-11-16 15:00:00,38.64,38.65,38.6,38.61,81936
2016-11-16 15:15:00,38.61,38.65,38.605,38.635,78806
2016-11-16 15:30:00,38.64,38.65,38.5753,38.58,96352
2016-11-16 15:45:00,38.58,38.6,38.51,38.56,186298
2016-11-16 16:00:00,38.57,38.58,38.49,38.495,537585
2016-11-17 09:45:00,38.5,38.555,38.31,38.3136,168295
2016-11-17 10:00:00,38.32,38.62,38.17,38.59,194184
2016-11-17 10:15:00,38.6,38.62,38.4207,38.52,147951
2016-11-17 10:30:00,38.52,38.65,38.52,38.635,56973
2016-11-17 10:45:00,38.63,38.7,38.54,38.7,84533
2016-11-17 11:00:00,38.7,38.79,38.62,38.74,146993
2016-11-17 11:15:00,38.74,38.93,38.71,38.91,150448
2016-11-17 11:30:00,38.91,38.97,38.85,38.85,33287
2016-11-17 11:45:00,38.85,38.98,38.81,38.965,52641
2016-11-17 12:00:00,38.97,39.04,38.94,38.99,50991
2016-11-17 12:15:00,39.0,39.02,38.95,39.0,51983
2016-11-17 12:30:00,38.99,39.09,38.975,39.09,69996
2016-11-17 12:45:00,39.1,39.11,39.04,39.05,38188
2016-11-17 13:00:00,39.05,39.05,38.9101,38.96,45720
2016-11-17 13:15:00,38.965,38.97,38.92,38.96,60577
2016-11-17 13:30:00,38.955,38.955,38.87,38.88,67532
2016-11-17 13:45:00,38.89,38.97,38.88,38.945,99979
2016-11-17 14:00:00,38.95,39.01,38.9,38.9,80082
2016-11-17 14:15:00,38.9,38.93,38.88,38.89,118644
2016-11-17 14:30:00,38.88,38.92,38.86,38.89,103682
2016-11-17 14:45:00,38.88,38.91,38.82,38.82,91548
2016-11-17 15:00:00,38.81,38.87,38.77,38.87,58450
2016-11-17 15:15:00,38.87,38.92,38.84,38.9101,53307
2016-11-17 15:30:00,38.91,38.915,38.84,38.87,66941
2016-11-17 15:45:00,38.87,38.89,38.82,38.825,104299
2016-11-17 16:00:00,38.825,38.91,38.82,38.85,353862
2016-11-18 09:45:00,38.97,39.005,38.7,38.75,208142
2016-11-18 10:00:00,38.76,39.0,38.75,38.96,37915
2016-11-18 10:15:00,38.98,39.11,38.98,39.06,32891
2016-11-18 10:30:00,39.08,39.17,39.06,39.09,48453
2016-11-18 10:45:00,39.09,39.1,39.0,39.015,55313
2016-11-18 11:00:00,39.0,39.05,38.9819,39.0,37322
2016-11-18 11:15:00,39.0,39.02,38.945,38.95,84028
2016-11-18 11:30:00,38.95,39.0,38.92,38.965,34931
2016-11-18 11:45:00,38.97,38.97,38.94,38.94,31748
2016-11-18 12:00:00,38.94,38.96,38.79,38.8,77488
2016-11-18 12:15:00,38.8,38.82,38.76,38.79,31669
2016-11-18 12:30:00,38.8,38.91,38.7965,38.89,43736
2016-11-18 12:45:00,38.895,38.92,38.865,38.91,26970
2016-11-18 13:00:00,38.92,38.97,38.89,38.97,24749
2016-11-18 13:15:00,38.97,38.99,38.96,38.97,20213
2016-11-18 13:30:00,38.97,38.995,38.93,38.94,35024
2016-11-18 13:45:00,38.94,39.03,38.93,39.0,46073
2016-11-18 14:00:00,38.996,39.02,38.945,38.97,26815
2016-11-18 14:15:00,38.97,38.97,38.925,38.97,49607
2016-11-18 14:30:00,38.97,38.99,38.94,38.95,53615
2016-11-18 14:45:00,38.95,38.96,38.92,38.96,30019
2016-11-18 15:00:00,38.96,38.96,38.9,38.9,30710
2016-11-18 15:15:00,38.9,38.91,38.851,38.88,37594
2016-11-18 15:30:00,38.89,38.96,38.89,38.95,37820
2016-11-18 15:45:00,38.9428,38.95,38.91,38.93,62558
2016-11-18 16:00:00,38.925,38.95,38.83,38.89,175917
2016-11-21 09:45:00,39.22,39.4,38.99,39.14,75915
2016-11-21 10:00:00,39.15,39.23,39.11,39.11,51764
2016-11-21 10:15:00,39.11,39.14,39.035,39.13,35245
2016-11-21 10:30:00,39.12,39.135,38.93,38.97,30580
2016-11-21 10:45:00,38.973,39.06,38.92,39.04,45666
2016-11-21 11:00:00,39.04,39.055,39.0,39.025,43323
2016-11-21 11:15:00,39.03,39.14,39.005,39.12,34649
2016-11-21 11:30:00,39.13,39.16,39.1,39.13,23669
2016-11-21 11:45:00,39.12,39.17,39.11,39.12,47263
2016-11-21 12:00:00,39.12,39.14,39.1099,39.13,24600
2016-11-21 12:15:00,39.14,39.14,39.1,39.11,30296
2016-11-21 12:30:00,39.105,39.19,39.1,39.19,24837
2016-11-21 12:45:00,39.19,39.34,39.181999999999995,39.34,33154
2016-11-21 13:00:00,39.34,39.36,39.29,39.34,36885
2016-11-21 13:15:00,39.33,39.37,39.3036,39.33,39399
2016-11-21 13:30:00,39.33,39.35,39.3,39.31,34333
2016-11-21 13:45:00,39.3,39.33,39.285,39.32,28468
2016-11-21 14:00:00,39.33,39.365,39.32,39.35,28798
2016-11-21 14:15:00,39.34,39.37,39.335,39.35,31890
2016-11-21 14:30:00,39.34,39.37,39.325,39.36,36300
2016-11-21 14:45:00,39.36,39.39,39.33,39.3566,39123
2016-11-21 15:00:00,39.35,39.4,39.34,39.36,42155
2016-11-21 15:15:00,39.35,39.37,39.315,39.33,93039
2016-11-21 15:30:00,39.32,39.325,39.25,39.28,41915
2016-11-21 15:45:00,39.27,39.3,39.23,39.27,63611
2016-11-21 16:00:00,39.27,39.335,39.25,39.32,177627
2016-11-22 09:45:00,39.49,39.5,39.17,39.32,67502
2016-11-22 10:00:00,39.31,39.46,39.285,39.46,35493
2016-11-22 10:15:00,39.46,39.47,39.35,39.42,43724
2016-11-22 10:30:00,39.425,39.44,39.35,39.4,27160
2016-11-22 10:45:00,39.41,39.45,39.345,39.395,60169
2016-11-22 11:00:00,39.395,39.4,39.26,39.265,39717
2016-11-22 11:15:00,39.27,39.28,39.196,39.22,41717
2016-11-22 11:30:00,39.23,39.25,39.11,39.11,69686
2016-11-22 11:45:00,39.12,39.13,39.0,39.0334,50199
2016-11-22 12:00:00,39.04,39.08,39.025,39.05,56729
2016-11-22 12:15:00,39.04,39.06,38.94,38.98,50376
2016-11-22 12:30:00,38.975,39.07,38.97,39.04,30411
2016-11-22 12:45:00,39.0399,39.0399,38.93,38.93,58846
2016-11-22 13:00:00,38.93,38.955,38.905,38.915,40886
2016-11-22 13:15:00,38.92,38.94,38.91,38.92,41393
2016-11-22 13:30:00,38.92,38.93,38.83,38.88,101611
2016-11-22 13:45:00,38.875,38.94,38.875,38.94,58938
2016-11-22 14:00:00,38.94,38.99,38.93,38.96,47510
2016-11-22 14:15:00,38.96,38.97,38.9,38.9,61048
2016-11-22 14:30:00,38.89,38.93,38.88,38.92,38814
2016-11-22 14:45:00,38.925,39.08,38.92,39.08,46597
2016-11-22 15:00:00,39.08,39.1,39.0429,39.0429,36151
2016-11-22 15:15:00,39.05,39.1,39.045,39.06,33394
2016-11-22 15:30:00,39.06,39.13,39.055,39.1,56435
2016-11-22 15:45:00,39.11,39.14,39.09,39.105,56697
2016-11-22 16:00:00,39.105,39.2,39.09,39.15,270873
2016-11-23 09:45:00,38.98,39.4,38.6992,38.79,119674
2016-11-23 10:00:00,38.785,38.92,38.67,38.84,58890
2016-11-23 10:15:00,38.86,38.93,38.81,38.84,82916
2016-11-23 10:30:00,38.85,38.9621,38.81,38.9621,75292
2016-11-23 10:45:00,38.96,39.16,38.96,39.12,175847
2016-11-23 11:00:00,39.11,39.155,38.98,39.1427,185377
2016-11-23 11:15:00,39.14,39.34,39.135,39.22,219865
2016-11-23 11:30:00,39.2144,39.2144,39.125,39.13,43130
2016-11-23 11:45:00,39.135,39.14,39.075,39.09,36004
2016-11-23 12:00:00,39.1,39.24,39.1,39.23,30751
2016-11-23 12:15:00,39.25,39.26,39.18,39.18,25417
2016-11-23 12:30:00,39.18,39.22,39.1,39.115,21688
2016-11-23 12:45:00,39.11,39.135,39.08,39.12,21765
2016-11-23 13:00:00,39.13,39.14,39.03,39.075,22876
2016-11-23 13:15:00,39.07,39.2,39.055,39.195,28277
2016-11-23 13:30:00,39.19,39.22,39.15,39.18,55882
2016-11-23 13:45:00,39.165,39.165,39.09,39.13,91733
2016-11-23 14:00:00,39.12,39.15,39.08,39.13,34565
2016-11-23 14:15:00,39.125,39.17,39.07,39.0865,39668
2016-11-23 14:30:00,39.08,39.125,39.065,39.09,23992
2016-11-23 14:45:00,39.09,39.14,39.075,39.13,49228
2016-11-23 15:00:00,39.13,39.175,39.12,39.175,34969
2016-11-23 15:15:00,39.175,39.24,39.12,39.235,38088
2016-11-23 15:30:00,39.233000000000004,39.285,39.205,39.245,52385
2016-11-23 15:45:00,39.245,39.255,39.2,39.235,73315
2016-11-23 16:00:00,39.23,39.3,39.21,39.27,213611
2016-11-25 09:45:00,39.33,39.43,39.2598,39.35,30700
2016-11-25 10:00:00,39.32,39.33,39.22,39.28,21279
2016-11-25 10:15:00,39.2799,39.28,39.14,39.14,54322
2016-11-25 10:30:00,39.144,39.22,39.144,39.22,26759
2016-11-25 10:45:00,39.22,39.25,39.13,39.17,25497
2016-11-25 11:00:00,39.17,39.21,39.16,39.18,18727
2016-11-25 11:15:00,39.18,39.3,39.17,39.3,33723
2016-11-25 11:30:00,39.29,39.36,39.23,39.23,38790
2016-11-25 11:45:00,39.22,39.34,39.19,39.32,11802
2016-11-25 12:00:00,39.3218,39.34,39.26,39.32,23856
2016-11-25 12:15:00,39.31,39.315,39.24,39.24,28275
2016-11-25 12:30:00,39.24,39.25,39.21,39.23,67305
2016-11-25 12:45:00,39.23,39.25,39.21,39.23,44492
2016-11-25 13:00:00,39.23,39.31,39.21,39.3,143994
2016-11-25 13:15:00,39.32,39.32,39.32,39.32,102861
2016-11-25 13:45:00,39.32,39.32,39.32,39.32,920
2016-11-28 09:45:00,39.01,39.275,38.95,39.17,59397
2016-11-28 10:00:00,39.19,39.28,39.12,39.19,71332
2016-11-28 10:15:00,39.19,39.2101,39.09,39.0938,81136
2016-11-28 10:30:00,39.09,39.155,39.04,39.15,38748
2016-11-28 10:45:00,39.16,39.255,39.07,39.08,86034
2016-11-28 11:00:00,39.085,39.095,38.91,38.915,66698
2016-11-28 11:15:00,38.915,38.925,38.79,38.81,102228
2016-11-28 11:30:00,38.81,38.995,38.81,38.96,45778
2016-11-28 11:45:00,38.95,38.95,38.79,38.81,97582
2016-11-28 12:00:00,38.81,38.86,38.77,38.845,21860
2016-11-28 12:15:00,38.865,38.905,38.83,38.83,26457
2016-11-28 12:30:00,38.8269,38.905,38.8269,38.875,40224
2016-11-28 12:45:00,38.87,38.895,38.82,38.845,42099
2016-11-28 13:00:00,38.85,38.88,38.8201,38.825,20134
2016-11-28 13:15:00,38.825,38.825,38.77,38.785,21191
2016-11-28 13:30:00,38.79,38.81,38.76,38.8,44391
2016-11-28 13:45:00,38.81,38.88,38.805,38.81,34491
2016-11-28 14:00:00,38.81,38.85,38.78,38.795,69991
2016-11-28 14:15:00,38.79,38.83,38.79,38.82,32524
2016-11-28 14:30:00,38.82,38.86,38.7452,38.765,86346
2016-11-28 14:45:00,38.76,38.79,38.72,38.725,85522
2016-11-28 15:00:00,38.72,38.805,38.71,38.8,80956
2016-11-28 15:15:00,38.81,38.84,38.785,38.82,33253
2016-11-28 15:30:00,38.815,38.82,38.62,38.62,45153
2016-11-28 15:45:00,38.63,38.67,38.59,38.5999,98262
2016-11-28 16:00:00,38.59,38.65,38.56,38.64,297972
2016-11-29 09:45:00,38.77,39.06,38.75,38.82,62516
2016-11-29 10:00:00,38.79,38.79,38.54,38.65,25827
2016-11-29 10:15:00,38.64,38.83,38.64,38.78,41325
2016-11-29 10:30:00,38.78,38.81,38.66,38.66,134697
2016-11-29 10:45:00,38.66,38.79,38.66,38.765,27106
2016-11-29 11:00:00,38.765,38.88,38.76,38.83,31630
2016-11-29 11:15:00,38.84,38.86,38.735,38.74,38119
2016-11-29 11:30:00,38.74,38.775,38.705,38.74,55664
2016-11-29 11:45:00,38.73,38.79,38.715,38.75,47193
2016-11-29 12:00:00,38.76,38.77,38.71,38.74,20772
2016-11-29 12:15:00,38.74,38.76,38.71,38.73,19405
2016-11-29 12:30:00,38.73,38.73,38.644,38.67,25138
2016-11-29 12:45:00,38.68,38.69,38.625,38.63,14546
2016-11-29 13:00:00,38.63,38.67,38.62,38.67,19656
2016-11-29 13:15:00,38.68,38.7,38.64,38.66,13193
2016-11-29 13:30:00,38.66,38.69,38.6163,38.67,25263
2016-11-29 13:45:00,38.67,38.685,38.65,38.66,21957
2016-11-29 14:00:00,38.65,38.74,38.64,38.725,19051
2016-11-29 14:15:00,38.73,38.76,38.72,38.745,17883
2016-11-29 14:30:00,38.75,38.75,38.7,38.73,26918
2016-11-29 14:45:00,38.72,38.775,38.71,38.76,38192
2016-11-29 15:00:00,38.77,38.82,38.75,38.7908,53032
2016-11-29 15:15:00,38.795,38.81,38.745,38.8,53866
2016-11-29 15:30:00,38.79,38.82,38.76,38.805,49738
2016-11-29 15:45:00,38.8,38.8,38.67,38.68,123701
2016-11-29 16:00:00,38.67,38.72,38.635,38.71,164014
2016-11-30 09:45:00,39.21,39.34,39.12,39.16,62916
2016-11-30 10:00:00,39.16,39.26,39.13,39.14,52167
2016-11-30 10:15:00,39.13,39.21,39.07,39.16,45112
2016-11-30 10:30:00,39.165,39.185,38.92,39.03,100950
2016-11-30 10:45:00,39.04,39.09,38.995,39.07,28193
2016-11-30 11:00:00,39.06,39.13,39.04,39.13,97858
2016-11-30 11:15:00,39.13,39.285,39.1,39.28,44807
2016-11-30 11:30:00,39.2774,39.285,39.07,39.07,86801
2016-11-30 11:45:00,39.08,39.18,39.055,39.135,49248
2016-11-30 12:00:00,39.1364,39.1434,39.105,39.12,17960
2016-11-30 12:15:00,39.13,39.14,39.075,39.095,19863
2016-11-30 12:30:00,39.09,39.17,39.08,39.14,38338
2016-11-30 12:45:00,39.14,39.18,39.13,39.16,30500
2016-11-30 13:00:00,39.17,39.2,39.1341,39.16,44487
2016-11-30 13:15:00,39.16,39.175,39.13,39.15,43582
2016-11-30 13:30:00,39.15,39.15,39.119,39.12,18079
2016-11-30 13:45:00,39.13,39.15,39.11,39.13,18274
2016-11-30 14:00:00,39.12,39.19,39.12,39.12,61937
2016-11-30 14:15:00,39.12,39.1338,39.01,39.03,67999
2016-11-30 14:30:00,39.03,39.13,39.03,39.1234,31614
2016-11-30 14:45:00,39.125,39.125,39.06,39.066,38964
2016-11-30 15:00:00,39.06,39.16,39.06,39.122,116335
2016-11-30 15:15:00,39.12,39.31,39.12,39.31,117346
2016-11-30 15:30:00,39.32,39.5,39.3199,39.44,112009
2016-11-30 15:45:00,39.435,39.45,39.33,39.33,137396
2016-11-30 16:00:00,39.33,39.39,39.27,39.27,320810
2016-12-01 09:45:00,39.47,39.49,39.22,39.28,89467
2016-12-01 10:00:00,39.29,39.52,39.29,39.48,77322
2016-12-01 10:15:00,39.49,39.7,39.42,39.67,81992
2016-12-01 10:30:00,39.68,39.86,39.68,39.78,87986
2016-12-01 10:45:00,39.78,39.83,39.66,39.66,55271
2016-12-01 11:00:00,39.66,39.77,39.65,39.725,53016
2016-12-01 11:15:00,39.73,39.86,39.715,39.8,59392
2016-12-01 11:30:00,39.795,39.8,39.715,39.725,26173
2016-12-01 11:45:00,39.72,39.81,39.72,39.79,45262
2016-12-01 12:00:00,39.79,39.84,39.78,39.795,39544
2016-12-01 12:15:00,39.81,39.81,39.69,39.705,24611
2016-12-01 12:30:00,39.7,39.75,39.675,39.71,19222
2016-12-01 12:45:00,39.71,39.75,39.65,39.66,24654
2016-12-01 13:00:00,39.66,39.66,39.49,39.5,44265
2016-12-01 13:15:00,39.49,39.5,39.4,39.5,41982
2016-12-01 13:30:00,39.5,39.57,39.44,39.55,39682
2016-12-01 13:45:00,39.55,39.61,39.52,39.53,62349
2016-12-01 14:00:00,39.53,39.555,39.42,39.42,65820
2016-12-01 14:15:00,39.43,39.52,39.43,39.5,41500
2016-12-01 14:30:00,39.5,39.56,39.48,39.51,52265
2016-12-01 14:45:00,39.51,39.52,39.46,39.51,45763
2016-12-01 15:00:00,39.51,39.52,39.44,39.5,46237
2016-12-01 15:15:00,39.49,39.535,39.43,39.485,53610
2016-12-01 15:30:00,39.485,39.5,39.4,39.43,62109
2016-12-01 15:45:00,39.44,39.495,39.385,39.49,102789
2016-12-01 16:00:00,39.495,39.58,39.45,39.57,150535
2016-12-02 09:45:00,39.49,39.49,39.25,39.43,63142
2016-12-02 10:00:00,39.47,39.68,39.47,39.67,61815
2016-12-02 10:15:00,39.66,39.69,39.5,39.53,40743
2016-12-02 10:30:00,39.52,39.56,39.45,39.52,23767
2016-12-02 10:45:00,39.52,39.57,39.48,39.545,55923
2016-12-02 11:00:00,39.55,39.58,39.49,39.53,44743
2016-12-02 11:15:00,39.53,39.63,39.52,39.56,78568
2016-12-02 11:30:00,39.55,39.55,39.51,39.52,24170
2016-12-02 11:45:00,39.52,39.52,39.46,39.46,47983
2016-12-02 12:00:00,39.45,39.51,39.36,39.36,81655
2016-12-02 12:15:00,39.35,39.35,39.16,39.19,23941
2016-12-02 12:30:00,39.1857,39.21,39.16,39.18,19568
2016-12-02 12:45:00,39.18,39.18,39.1,39.14,20068
2016-12-02 13:00:00,39.15,39.305,39.14,39.25,24316
2016-12-02 13:15:00,39.25,39.25,39.16,39.17,33623
2016-12-02 13:30:00,39.17,39.28,39.17,39.24,49135
2016-12-02 13:45:00,39.24,39.27,39.23,39.23,57455
2016-12-02 14:00:00,39.23,39.2448,39.19,39.195,22832
2016-12-02 14:15:00,39.21,39.21,39.16,39.195,28385
2016-12-02 14:30:00,39.2,39.24,39.19,39.22,29508
2016-12-02 14:45:00,39.23,39.24,39.2035,39.21,23806
2016-12-02 15:00:00,39.21,39.24,39.19,39.2,25580
2016-12-02 15:15:00,39.2,39.22,39.16,39.16,28686
2016-12-02 15:30:00,39.16,39.215,39.13,39.215,43346
2016-12-02 15:45:00,39.215,39.27,39.18,39.195,55898
2016-12-02 16:00:00,39.2,39.225,39.17,39.22,198766
2016-12-05 09:45:00,39.47,39.68,39.47,39.57,60874
2016-12-05 10:00:00,39.58,39.85,39.55,39.85,103602
2016-12-05 10:15:00,39.86,39.96,39.74,39.78,93806
2016-12-05 10:30:00,39.78,39.785,39.66,39.745,34055
2016-12-05 10:45:00,39.75,39.8444,39.71,39.72,36289
2016-12-05 11:00:00,39.72,39.81,39.72,39.755,40797
2016-12-05 11:15:00,39.76,39.76,39.7,39.715,84093
2016-12-05 11:30:00,39.7199,39.7199,39.59,39.63,44690
2016-12-05 11:45:00,39.64,39.705,39.59,39.7,36664
2016-12-05 12:00:00,39.7,39.74,39.56,39.57,67898
2016-12-05 12:15:00,39.58,39.62,39.53,39.575,57193
2016-12-05 12:30:00,39.575,39.59,39.48,39.48,35375
2016-12-05 12:45:00,39.48,39.48,39.37,39.4,103418
2016-12-05 13:00:00,39.4,39.45,39.36,39.44,87103
2016-12-05 13:15:00,39.44,39.56,39.44,39.56,114531
2016-12-05 13:30:00,39.56,39.64,39.51,39.62,121925
2016-12-05 13:45:00,39.62,39.66,39.58,39.62,94627
2016-12-05 14:00:00,39.62,39.665,39.58,39.58,95631
2016-12-05 14:15:00,39.57,39.64,39.51,39.63,92259
2016-12-05 14:30:00,39.63,39.68,39.611999999999995,39.66,82875
2016-12-05 14:45:00,39.655,39.7,39.645,39.665,66064
2016-12-05 15:00:00,39.67,39.72,39.645,39.7,72512
2016-12-05 15:15:00,39.7,39.75,39.675,39.705,168811
2016-12-05 15:30:00,39.705,39.81,39.68,39.75,135418
2016-12-05 15:45:00,39.75,39.79,39.71,39.78,172945
2016-12-05 16:00:00,39.77,39.775,39.67,39.75,575911
2016-12-06 09:45:00,39.89,39.98,39.77,39.87,72375
2016-12-06 10:00:00,39.91,39.94,39.66,39.68,85919
2016-12-06 10:15:00,39.69,39.74,39.55,39.57,140204
2016-12-06 10:30:00,39.57,39.61,39.49,39.49,49459
2016-12-06 10:45:00,39.5,39.58,39.48,39.56,65044
2016-12-06 11:00:00,39.565,39.57,39.405,39.44,52356
2016-12-06 11:15:00,39.44,39.45,39.305,39.34,85633
2016-12-06 11:30:00,39.35,39.68,39.32,39.56,83973
2016-12-06 11:45:00,39.56,39.58,39.475,39.525,76802
2016-12-06 12:00:00,39.53,39.61,39.49,39.6035,30686
2016-12-06 12:15:00,39.61,39.68,39.59,39.61,42304
2016-12-06 12:30:00,39.62,39.7023,39.6,39.7023,19953
2016-12-06 12:45:00,39.71,39.72,39.67,39.67,15419
2016-12-06 13:00:00,39.66,39.69,39.64,39.68,24233
2016-12-06 13:15:00,39.68,39.71,39.59,39.6,40190
2016-12-06 13:30:00,39.6,39.65,39.59,39.62,32179
2016-12-06 13:45:00,39.61,39.63,39.58,39.58,34380
2016-12-06 14:00:00,39.58,39.64,39.56,39.61,34668
2016-12-06 14:15:00,39.61,39.68,39.6,39.665,42007
2016-12-06 14:30:00,39.67,39.77,39.67,39.75,27941
2016-12-06 14:45:00,39.76,39.79,39.74,39.78,26751
2016-12-06 15:00:00,39.78,39.84,39.76,39.81,27736
2016-12-06 15:15:00,39.81,39.81,39.73,39.78,38876
2016-12-06 15:30:00,39.79,39.81,39.71,39.71,48935
2016-12-06 15:45:00,39.71,39.78,39.71,39.765,83142
2016-12-06 16:00:00,39.77,39.9,39.765,39.88,317785
2016-12-07 09:45:00,39.87,39.98,39.78,39.97,34332
2016-12-07 10:00:00,39.97,39.98,39.82,39.89,17203
2016-12-07 10:15:00,39.9,39.935,39.8,39.83,25308
2016-12-07 10:30:00,39.83,39.935,39.82,39.92,15354
2016-12-07 10:45:00,39.92,39.945,39.84,39.93,20310
2016-12-07 11:00:00,39.93,39.98,39.915,39.96,27489
2016-12-07 11:15:00,39.96,39.965,39.86,39.92,23541
2016-12-07 11:30:00,39.92,39.965,39.92,39.94,20481
2016-12-07 11:45:00,39.94,39.98,39.92,39.95,23021
2016-12-07 12:00:00,39.95,39.985,39.93,39.97,35474
2016-12-07 12:15:00,39.98,40.035,39.94,40.03,62994
2016-12-07 12:30:00,40.035,40.06,40.0,40.02,22101
2016-12-07 12:45:00,40.03,40.1,40.03,40.1,23516
2016-12-07 13:00:00,40.11,40.22,40.1,40.22,22838
2016-12-07 13:15:00,40.22,40.22,40.135,40.135,109095
2016-12-07 13:30:00,40.13,40.18,40.1,40.11,115603
2016-12-07 13:45:00,40.115,40.195,40.1,40.18,61616
2016-12-07 14:00:00,40.185,40.24,40.17,40.23,163494
2016-12-07 14:15:00,40.24,40.3,40.215,40.285,89695
2016-12-07 14:30:00,40.29,40.345,40.26,40.27,123412
2016-12-07 14:45:00,40.27,40.34,40.25,40.34,40322
2016-12-07 15:00:00,40.335,40.47,40.33,40.45,44707
2016-12-07 15:15:00,40.45,40.4701,40.35,40.45,49359
2016-12-07 15:30:00,40.45,40.585,40.44,40.55,75752
2016-12-07 15:45:00,40.53,40.655,40.52,40.62,127239
2016-12-07 16:00:00,40.62,40.63,40.51,40.62,257230
2016-12-08 09:45:00,40.64,41.24,40.64,41.07,111669
2016-12-08 10:00:00,41.05,41.29,40.93,41.2,102016
2016-12-08 10:15:00,41.19,41.21,41.02,41.18,154045
2016-12-08 10:30:00,41.17,41.36,41.15,41.33,126415
2016-12-08 10:45:00,41.32,41.37,41.26,41.28,150363
2016-12-08 11:00:00,41.29,41.41,41.2203,41.41,79097
2016-12-08 11:15:00,41.4,41.71,41.39,41.675,180917
2016-12-08 11:30:00,41.67,41.94,41.61,41.88,276076
2016-12-08 11:45:00,41.87,41.87,41.73,41.83,154774
2016-12-08 12:00:00,41.83,41.885,41.81,41.88,68517
2016-12-08 12:15:00,41.875,41.97,41.875,41.95,60664
2016-12-08 12:30:00,41.95,42.18,41.91,42.14,198432
2016-12-08 12:45:00,42.14,42.17,41.94,41.975,89956
2016-12-08 13:00:00,41.98,42.0,41.86,41.95,215424
2016-12-08 13:15:00,41.95,41.97,41.875,41.965,128932
2016-12-08 13:30:00,41.96,41.9617,41.905,41.92,40603
2016-12-08 13:45:00,41.91,41.99,41.89,41.97,39873
2016-12-08 14:00:00,41.98,42.09,41.96,42.06,47742
2016-12-08 14:15:00,42.05,42.055,41.92,41.95,69819
2016-12-08 14:30:00,41.95,41.95,41.87,41.94,50656
2016-12-08 14:45:00,41.95,41.99,41.86,41.86,92463
2016-12-08 15:00:00,41.86,41.93,41.82,41.93,80381
2016-12-08 15:15:00,41.93,41.95,41.87,41.9425,91394
2016-12-08 15:30:00,41.94,42.02,41.91,41.95,95749
2016-12-08 15:45:00,41.95,42.04,41.92,42.01,145122
2016-12-08 16:00:00,42.02,42.04,41.95,42.03,408051
2016-12-09 09:45:00,41.78,41.99,41.56,41.56,156482
2016-12-09 10:00:00,41.53,41.82,41.51,41.61,93524
2016-12-09 10:15:00,41.62,41.63,41.45,41.585,98423
2016-12-09 10:30:00,41.59,41.615,41.32,41.355,125161
2016-12-09 10:45:00,41.36,41.495,41.35,41.45,142586
2016-12-09 11:00:00,41.455,41.565,41.3,41.32,103788
2016-12-09 11:15:00,41.32,41.34,41.24,41.26,120901
2016-12-09 11:30:00,41.26,41.315,41.24,41.285,133985
2016-12-09 11:45:00,41.28,41.29,41.185,41.19,80782
2016-12-09 12:00:00,41.19,41.24,41.16,41.195,128713
2016-12-09 12:15:00,41.2,41.21,41.12,41.13,73013
2016-12-09 12:30:00,41.13,41.165,41.105,41.15,96478
2016-12-09 12:45:00,41.15,41.15,41.075,41.11,63892
2016-12-09 13:00:00,41.12,41.16,41.105,41.125,62977
2016-12-09 13:15:00,41.13,41.151,41.065,41.075,46869
2016-12-09 13:30:00,41.06,41.06,41.01,41.0486,39348
2016-12-09 13:45:00,41.04,41.045,40.955,40.99,78400
2016-12-09 14:00:00,40.99,41.05,40.98,41.03,42141
2016-12-09 14:15:00,41.035,41.19,41.03,41.19,86606
2016-12-09 14:30:00,41.2,41.22,41.04,41.04,52815
2016-12-09 14:45:00,41.04,41.08,41.0,41.0,42752
2016-12-09 15:00:00,41.01,41.02,40.965,40.99,73053
2016-12-09 15:15:00,40.99,41.135,40.975,41.1,123970
2016-12-09 15:30:00,41.1,41.14,41.09,41.1,101112
2016-12-09 15:45:00,41.1,41.13,41.04,41.04,149320
2016-12-09 16:00:00,41.04,41.06,41.01,41.01,317277
2016-12-12 09:45:00,40.86,40.925,40.59,40.73,168828
2016-12-12 10:00:00,40.74,41.02,40.6411,40.99,93019
2016-12-12 10:15:00,40.93,41.04,40.73,40.745,32113
2016-12-12 10:30:00,40.75,40.77,40.46,40.48,85016
2016-12-12 10:45:00,40.46,40.585,40.435,40.44,72868
2016-12-12 11:00:00,40.44,40.48,40.26,40.3375,75737
2016-12-12 11:15:00,40.33,40.34,40.21,40.26,95461
2016-12-12 11:30:00,40.27,40.29,40.21,40.21,80513
2016-12-12 11:45:00,40.21,40.32,40.205,40.27,88475
2016-12-12 12:00:00,40.26,40.32,40.205,40.3,71135
2016-12-12 12:15:00,40.31,40.32,40.24,40.32,142339
2016-12-12 12:30:00,40.32,40.32,40.155,40.169000000000004,65850
2016-12-12 12:45:00,40.16,40.28,40.145,40.28,37591
2016-12-12 13:00:00,40.28,40.33,40.25,40.25,31062
2016-12-12 13:15:00,40.25,40.28,40.22,40.26,31851
2016-12-12 13:30:00,40.26,40.34,40.23,40.31,33164
2016-12-12 13:45:00,40.31,40.33,40.22,40.255,46656
2016-12-12 14:00:00,40.255,40.27,40.15,40.16,91273
2016-12-12 14:15:00,40.16,40.24,40.16,40.24,84219
2016-12-12 14:30:00,40.24,40.26,40.2,40.21,37936
2016-12-12 14:45:00,40.21,40.24,40.125,40.135,41735
2016-12-12 15:00:00,40.135,40.19,40.135,40.1501,57617
2016-12-12 15:15:00,40.15,40.17,40.105,40.12,67068
2016-12-12 15:30:00,40.13,40.145,40.05,40.055,162577
2016-12-12 15:45:00,40.055,40.11,40.03,40.085,217830
2016-12-12 16:00:00,40.09,40.11,39.98,39.985,680799
2016-12-13 09:45:00,40.29,40.57,39.99,40.535,88525
2016-12-13 10:00:00,40.52,40.53,40.29,40.37,57112
2016-12-13 10:15:00,40.37,40.43,40.09,40.09,277331
2016-12-13 10:30:00,40.1,40.28,40.1,40.2,71468
2016-12-13 10:45:00,40.19,40.19,39.96,39.96,44035
2016-12-13 11:00:00,39.96,39.99,39.84,39.865,65227
2016-12-13 11:15:00,39.87,39.87,39.585,39.755,424649
2016-12-13 11:30:00,39.75,39.8,39.69,39.795,71143
2016-12-13 11:45:00,39.8,39.805,39.73,39.76,44583
2016-12-13 12:00:00,39.76,39.83,39.76,39.78,63112
2016-12-13 12:15:00,39.78,39.87,39.78,39.87,62535
2016-12-13 12:30:00,39.87,40.05,39.87,39.98,57981
2016-12-13 12:45:00,39.99,40.16,39.91,40.15,93455
2016-12-13 13:00:00,40.13,40.17,40.06,40.14,26781
2016-12-13 13:15:00,40.14,40.19,40.12,40.13,43449
2016-12-13 13:30:00,40.135,40.21,40.13,40.21,28319
2016-12-13 13:45:00,40.22,40.22,40.11,40.11,31786
2016-12-13 14:00:00,40.11,40.13,40.08,40.09,18223
2016-12-13 14:15:00,40.09,40.1,39.99,40.02,71112
2016-12-13 14:30:00,40.015,40.04,39.9401,39.9401,81168
2016-12-13 14:45:00,39.94,39.98,39.9,39.905,80318
2016-12-13 15:00:00,39.91,39.92,39.86,39.87,82669
2016-12-13 15:15:00,39.88,39.96,39.87,39.89,94179
2016-12-13 15:30:00,39.89,39.98,39.89,39.98,105456
2016-12-13 15:45:00,39.985,40.05,39.985,40.0,179402
2016-12-13 16:00:00,40.0,40.02,39.95,39.98,394977
2016-12-14 09:45:00,39.8,40.22,39.64,40.08,130378
2016-12-14 10:00:00,40.09,40.175,40.01,40.02,104135
2016-12-14 10:15:00,40.02,40.08,39.96,40.03,98444
2016-12-14 10:30:00,40.025,40.06,39.97,40.0,183928
2016-12-14 10:45:00,40.0,40.07,39.895,39.9,91308
2016-12-14 11:00:00,39.89,39.9,39.8,39.87,58278
2016-12-14 11:15:00,39.87,39.97,39.87,39.945,53482
2016-12-14 11:30:00,39.95,40.0,39.94,39.96,42394
2016-12-14 11:45:00,39.955,39.965,39.715,39.7175,43499
2016-12-14 12:00:00,39.7175,39.795,39.715,39.78,51054
2016-12-14 12:15:00,39.78,39.845,39.765,39.81,61376
2016-12-14 12:30:00,39.8037,39.815,39.745,39.8,35759
2016-12-14 12:45:00,39.81,39.93,39.8,39.905,42633
2016-12-14 13:00:00,39.9,39.995,39.885,39.985,47246
2016-12-14 13:15:00,39.99,40.0,39.9,39.91,30282
2016-12-14 13:30:00,39.915,39.965,39.88,39.96,25310
2016-12-14 13:45:00,39.96,39.975,39.935,39.95,29909
2016-12-14 14:00:00,39.945,39.955,39.9,39.955,46231
2016-12-14 14:15:00,39.96,40.235,39.88,39.95,142491
2016-12-14 14:30:00,39.96,39.97,39.38,39.42,147861
2016-12-14 14:45:00,39.41,39.63,39.3,39.48,213034
2016-12-14 15:00:00,39.5,39.6,39.36,39.37,105948
2016-12-14 15:15:00,39.38,39.43,39.19,39.29,178463
2016-12-14 15:30:00,39.28,39.36,39.18,39.36,106720
2016-12-14 15:45:00,39.355,39.59,39.355,39.4725,170694
2016-12-14 16:00:00,39.47,39.48,39.24,39.31,381655
2016-12-15 09:45:00,39.47,39.78,39.11,39.42,77935
2016-12-15 10:00:00,39.47,39.85,39.37,39.85,67932
2016-12-15 10:15:00,39.85,39.93,39.72,39.78,69272
2016-12-15 10:30:00,39.79,39.88,39.58,39.615,160297
2016-12-15 10:45:00,39.62,39.9,39.61,39.89,99013
2016-12-15 11:00:00,39.89,39.94,39.735,39.875,95788
2016-12-15 11:15:00,39.88,40.05,39.88,40.015,86372
2016-12-15 11:30:00,40.015,40.02,39.84,39.84,81987
2016-12-15 11:45:00,39.83,39.9,39.77,39.81,32271
2016-12-15 12:00:00,39.8,39.8,39.68,39.75,25778
2016-12-15 12:15:00,39.75,39.77,39.65,39.73,24744
2016-12-15 12:30:00,39.73,39.8,39.72,39.755,16920
2016-12-15 12:45:00,39.75,39.78,39.68,39.7,69939
2016-12-15 13:00:00,39.7,39.73,39.6,39.73,45408
2016-12-15 13:15:00,39.73,39.83,39.73,39.74,19682
2016-12-15 13:30:00,39.74,39.78,39.74,39.76,42300
2016-12-15 13:45:00,39.77,39.775,39.69,39.7,28043
2016-12-15 14:00:00,39.7,39.705,39.545,39.55,33344
2016-12-15 14:15:00,39.53,39.58,39.5,39.54,33032
2016-12-15 14:30:00,39.53,39.61,39.52,39.61,40692
2016-12-15 14:45:00,39.61,39.68,39.6,39.66,53768
2016-12-15 15:00:00,39.67,39.7297,39.66,39.68,38445
2016-12-15 15:15:00,39.68,39.6899,39.57,39.57,47515
2016-12-15 15:30:00,39.58,39.6,39.515,39.52,47298
2016-12-15 15:45:00,39.53,39.56,39.4501,39.5,88215
2016-12-15 16:00:00,39.5,39.53,39.42,39.45,144430
2016-12-16 09:45:00,39.6,39.65,39.41,39.44,404816
2016-12-16 10:00:00,39.45,39.52,39.42,39.51,78197
2016-12-16 10:15:00,39.51,39.73,39.505,39.73,81140
2016-12-16 10:30:00,39.74,39.81,39.73,39.77,62061
2016-12-16 10:45:00,39.77,39.93,39.73,39.85,173351
2016-12-16 11:00:00,39.85,39.86,39.69,39.72,126238
2016-12-16 11:15:00,39.715,39.715,39.64,39.68,43468
2016-12-16 11:30:00,39.68,39.74,39.53,39.54,65787
2016-12-16 11:45:00,39.54,39.63,39.48,39.625,61002
2016-12-16 12:00:00,39.63,39.7325,39.58,39.7325,50652
2016-12-16 12:15:00,39.74,39.78,39.69,39.69,20038
2016-12-16 12:30:00,39.69,39.71,39.6,39.6343,18598
2016-12-16 12:45:00,39.63,39.63,39.45,39.45,30064
2016-12-16 13:00:00,39.44,39.48,39.34,39.43,32763
2016-12-16 13:15:00,39.43,39.445,39.38,39.39,99118
2016-12-16 13:30:00,39.38,39.41,39.3,39.3,96760
2016-12-16 13:45:00,39.3,39.46,39.295,39.44,39814
2016-12-16 14:00:00,39.44,39.47,39.43,39.45,64279
2016-12-16 14:15:00,39.45,39.45,39.39,39.41,42119
2016-12-16 14:30:00,39.41,39.41,39.325,39.34,49384
2016-12-16 14:45:00,39.34,39.36,39.29,39.33,57461
2016-12-16 15:00:00,39.33,39.38,39.325,39.34,46783
2016-12-16 15:15:00,39.34,39.35,39.275,39.35,53104
2016-12-16 15:30:00,39.35,39.375,39.3,39.325,59393
2016-12-16 15:45:00,39.33,39.375,39.26,39.26,182341
2016-12-16 16:00:00,39.265,39.355,39.195,39.29,515784
2016-12-19 09:45:00,39.55,39.69,39.33,39.595,178654
2016-12-19 10:00:00,39.5959,39.71,39.465,39.465,234893
2016-12-19 10:15:00,39.47,39.59,39.4,39.57,195112
2016-12-19 10:30:00,39.58,39.68,39.56,39.65,125347
2016-12-19 10:45:00,39.66,39.72,39.62,39.64,151199
2016-12-19 11:00:00,39.64,39.64,39.41,39.51,172368
2016-12-19 11:15:00,39.51,39.61,39.5,39.565,160154
2016-12-19 11:30:00,39.565,39.595,39.46,39.48,179220
2016-12-19 11:45:00,39.47,39.525,39.35,39.35,166394
2016-12-19 12:00:00,39.35,39.35,39.05,39.05,70143
2016-12-19 12:15:00,39.05,39.11,39.03,39.06,52007
2016-12-19 12:30:00,39.06,39.13,39.06,39.08,42557
2016-12-19 12:45:00,39.08,39.08,38.95,38.98,56454
2016-12-19 13:00:00,38.99,39.02,38.93,38.93,45624
2016-12-19 13:15:00,38.94,39.03,38.93,39.02,61982
2016-12-19 13:30:00,39.02,39.05,39.0,39.03,54651
2016-12-19 13:45:00,39.035,39.09,39.03,39.07,48487
2016-12-19 14:00:00,39.07,39.2,39.05,39.18,68110
2016-12-19 14:15:00,39.1801,39.26,39.15,39.22,71158
2016-12-19 14:30:00,39.225,39.26,39.19,39.24,80790
2016-12-19 14:45:00,39.2401,39.245,39.18,39.21,76823
2016-12-19 15:00:00,39.2,39.21,39.17,39.2,74045
2016-12-19 15:15:00,39.195,39.25,39.18,39.25,255868
2016-12-19 15:30:00,39.25,39.42,39.235,39.42,258103
2016-12-19 15:45:00,39.42,39.63,39.415,39.615,545857
2016-12-19 16:00:00,39.61,39.8,39.57,39.76,785787
2016-12-20 09:45:00,40.03,40.23,39.96,40.22,231735
2016-12-20 10:00:00,40.21,40.25,40.12,40.24,58054
2016-12-20 10:15:00,40.24,40.24,39.97,39.975,50658
2016-12-20 10:30:00,39.98,40.04,39.92,40.04,56981
2016-12-20 10:45:00,40.035,40.17,40.03,40.1648,57745
2016-12-20 11:00:00,40.16,40.21,40.11,40.13,51928
2016-12-20 11:15:00,40.13,40.18,40.1,40.16,60388
2016-12-20 11:30:00,40.155,40.31,40.135,40.3,104825
2016-12-20 11:45:00,40.31,40.31,40.13,40.18,72944
2016-12-20 12:00:00,40.18,40.22,40.13,40.16,36410
2016-12-20 12:15:00,40.15,40.22,40.14,40.2,71533
2016-12-20 12:30:00,40.2,40.22,40.175,40.18,50247
2016-12-20 12:45:00,40.185,40.2,40.17,40.17,37477
2016-12-20 13:00:00,40.17,40.18,40.09,40.09,72656
2016-12-20 13:15:00,40.1,40.16,40.08,40.15,36672
2016-12-20 13:30:00,40.145,40.2,40.13,40.19,40850
2016-12-20 13:45:00,40.2,40.24,40.19,40.23,33850
2016-12-20 14:00:00,40.22,40.34,40.22,40.34,73781
2016-12-20 14:15:00,40.34,40.35,40.195,40.205,88776
2016-12-20 14:30:00,40.205,40.31,40.2,40.3,71792
2016-12-20 14:45:00,40.305,40.31,40.21,40.215,112768
2016-12-20 15:00:00,40.215,40.255,40.18,40.2,68483
2016-12-20 15:15:00,40.19,40.23,40.17,40.21,70246
2016-12-20 15:30:00,40.205,40.29,40.2,40.29,162816
2016-12-20 15:45:00,40.29,40.35,40.29,40.3,139733
2016-12-20 16:00:00,40.29,40.4,40.285,40.4,325945
2016-12-21 09:45:00,40.34,40.41,39.9,40.01,119647
2016-12-21 10:00:00,40.01,40.13,39.99,40.005,77845
2016-12-21 10:15:00,40.0,40.16,39.99,40.0711,66906
2016-12-21 10:30:00,40.08,40.15,39.97,40.09,79429
2016-12-21 10:45:00,40.08,40.085,39.97,40.0,53957
2016-12-21 11:00:00,39.99,40.09,39.99,40.04,51498
2016-12-21 11:15:00,40.03,40.11,40.005,40.05,54926
2016-12-21 11:30:00,40.05,40.15,40.035,40.1,47091
2016-12-21 11:45:00,40.11,40.165,40.04,40.15,44330
2016-12-21 12:00:00,40.14,40.16,40.11,40.125,29239
2016-12-21 12:15:00,40.12,40.15,40.08,40.145,31948
2016-12-21 12:30:00,40.14,40.15,40.1,40.12,31877
2016-12-21 12:45:00,40.125,40.205,40.12,40.165,34399
2016-12-21 13:00:00,40.1643,40.18,40.1,40.11,28201
2016-12-21 13:15:00,40.11,40.17,40.11,40.145,29666
2016-12-21 13:30:00,40.145,40.195,40.14,40.195,33740
2016-12-21 13:45:00,40.2,40.3025,40.16,40.3,163435
2016-12-21 14:00:00,40.2925,40.375,40.28,40.32,61846
2016-12-21 14:15:00,40.325,40.38,40.27,40.375,49684
2016-12-21 14:30:00,40.375,40.39,40.34,40.345,47575
2016-12-21 14:45:00,40.34,40.4,40.32,40.37,57985
2016-12-21 15:00:00,40.36,40.41,40.335,40.385,49666
2016-12-21 15:15:00,40.385,40.42,40.3,40.39,83123
2016-12-21 15:30:00,40.39,40.49,40.38,40.455,102548
2016-12-21 15:45:00,40.445,40.45,40.38,40.42,113158
2016-12-21 16:00:00,40.415,40.44,40.375,40.41,287988
2016-12-22 09:45:00,40.34,40.34,40.04,40.1674,66128
2016-12-22 10:00:00,40.15,40.3,40.14,40.2917,37010
2016-12-22 10:15:00,40.29,40.29,40.13,40.2,60089
2016-12-22 10:30:00,40.21,40.25,40.175,40.19,39858
2016-12-22 10:45:00,40.18,40.28,40.18,40.195,39928
2016-12-22 11:00:00,40.19,40.21,40.13,40.19,49464
2016-12-22 11:15:00,40.18,40.27,40.1637,40.2513,63639
2016-12-22 11:30:00,40.25,40.28,40.2,40.2,38493
2016-12-22 11:45:00,40.2,40.22,40.14,40.16,23629
2016-12-22 12:00:00,40.16,40.17,40.06,40.11,38020
2016-12-22 12:15:00,40.11,40.15,40.07,40.11,32306
2016-12-22 12:30:00,40.11,40.11,40.06,40.095,20559
2016-12-22 12:45:00,40.1,40.19,40.095,40.17,17279
2016-12-22 13:00:00,40.17,40.2,40.14,40.14,17321
2016-12-22 13:15:00,40.14,40.17,40.13,40.16,16840
2016-12-22 13:30:00,40.16,40.18,40.13,40.13,23994
2016-12-22 13:45:00,40.13,40.26,40.105,40.26,24712
2016-12-22 14:00:00,40.26,40.28,40.21,40.23,22023
2016-12-22 14:15:00,40.235,40.285,40.215,40.25,18609
2016-12-22 14:30:00,40.255,40.255,40.185,40.185,28775
2016-12-22 14:45:00,40.18,40.255,40.18,40.245,23213
2016-12-22 15:00:00,40.245,40.25,40.2,40.25,24001
2016-12-22 15:15:00,40.255,40.26,40.18,40.21,41385
2016-12-22 15:30:00,40.2,40.235,40.185,40.235,52304
2016-12-22 15:45:00,40.235,40.26,40.175,40.24,121828
2016-12-22 16:00:00,40.23,40.28,40.195,40.27,312234
2016-12-23 09:45:00,40.32,40.4,40.14,40.15,40965
2016-12-23 10:00:00,40.16,40.18,40.04,40.15,58213
2016-12-23 10:15:00,40.16,40.42,40.135,40.41,75287
2016-12-23 10:30:00,40.41,40.42,40.29,40.33,61834
2016-12-23 10:45:00,40.33,40.33,40.2,40.2,41590
2016-12-23 11:00:00,40.2,40.25,40.15,40.25,49184
2016-12-23 11:15:00,40.26,40.33,40.23,40.27,34313
2016-12-23 11:30:00,40.27,40.35,40.24,40.29,36807
2016-12-23 11:45:00,40.29,40.32,40.22,40.22,31302
2016-12-23 12:00:00,40.22,40.28,40.21,40.22,26831
2016-12-23 12:15:00,40.22,40.31,40.22,40.31,55289
2016-12-23 12:30:00,40.31,40.33,40.28,40.32,17861
2016-12-23 12:45:00,40.325,40.34,40.27,40.31,24898
2016-12-23 13:00:00,40.31,40.35,40.3065,40.335,22836
2016-12-23 13:15:00,40.34,40.35,40.28,40.29,18158
2016-12-23 13:30:00,40.29,40.33,40.25,40.33,22524
2016-12-23 13:45:00,40.33,40.33,40.28,40.31,16062
2016-12-23 14:00:00,40.32,40.33,40.25,40.25,19870
2016-12-23 14:15:00,40.25,40.31,40.25,40.31,18054
2016-12-23 14:30:00,40.31,40.36,40.305,40.33,25301
2016-12-23 14:45:00,40.33,40.39,40.325,40.39,16803
2016-12-23 15:00:00,40.39,40.4,40.38,40.39,13726
2016-12-23 15:15:00,40.395,40.46,40.385,40.425,39950
2016-12-23 15:30:00,40.425,40.57,40.415,40.555,83296
2016-12-23 15:45:00,40.55,40.55,40.47,40.49,82579
2016-12-23 16:00:00,40.48,40.5053,40.45,40.47,189411
2016-12-27 09:45:00,40.65,40.74,40.5,40.64,26101
2016-12-27 10:00:00,40.64,40.67,40.43,40.43,34454
2016-12-27 10:15:00,40.44,40.495,40.4,40.4,31780
2016-12-27 10:30:00,40.3932,40.4,40.28,40.32,27782
2016-12-27 10:45:00,40.33,40.4,40.27,40.36,35389
2016-12-27 11:00:00,40.35,40.35,40.26,40.2702,19815
2016-12-27 11:15:00,40.28,40.28,40.21,40.24,21912
2016-12-27 11:30:00,40.2445,40.26,40.19,40.21,21116
2016-12-27 11:45:00,40.21,40.3,40.21,40.28,26148
2016-12-27 12:00:00,40.28,40.29,40.19,40.21,30011
2016-12-27 12:15:00,40.215,40.22,40.12,40.12,16883
2016-12-27 12:30:00,40.13,40.245,40.13,40.18,15788
2016-12-27 12:45:00,40.18,40.19,40.13,40.185,14400
2016-12-27 13:00:00,40.18,40.19,40.12,40.14,18300
2016-12-27 13:15:00,40.15,40.175,40.135,40.16,18747
2016-12-27 13:30:00,40.15,40.150999999999996,40.11,40.14,19511
2016-12-27 13:45:00,40.1367,40.16,40.12,40.16,16339
2016-12-27 14:00:00,40.16,40.21,40.1535,40.2099,20698
2016-12-27 14:15:00,40.205,40.205,40.145,40.195,21387
2016-12-27 14:30:00,40.2,40.275,40.2,40.25,16965
2016-12-27 14:45:00,40.245,40.255,40.22,40.25,25304
2016-12-27 15:00:00,40.25,40.265,40.215,40.24,24472
2016-12-27 15:15:00,40.24,40.3,40.24,40.25,30329
2016-12-27 15:30:00,40.255,40.335,40.25,40.335,37992
2016-12-27 15:45:00,40.33,40.38,40.32,40.3699,61571
2016-12-27 16:00:00,40.36,40.36,40.29,40.31,172311
2016-12-28 09:45:00,40.22,40.36,40.03,40.12,53074
2016-12-28 10:00:00,40.15,40.18,40.01,40.02,58694
2016-12-28 10:15:00,40.02,40.02,39.93,40.02,50279
2016-12-28 10:30:00,40.01,40.035,39.95,39.96,35122
2016-12-28 10:45:00,39.96,40.02,39.91,39.91,40703
2016-12-28 11:00:00,39.91,39.94,39.84,39.88,24895
2016-12-28 11:15:00,39.88,39.9,39.83,39.855,33128
2016-12-28 11:30:00,39.86,39.96,39.84,39.92,28139
2016-12-28 11:45:00,39.93,39.97,39.91,39.91,16827
2016-12-28 12:00:00,39.9,39.9,39.81,39.82,22995
2016-12-28 12:15:00,39.81,39.81,39.67,39.67,24835
2016-12-28 12:30:00,39.67,39.68,39.6,39.61,15479
2016-12-28 12:45:00,39.61,39.61,39.53,39.53,28597
2016-12-28 13:00:00,39.53,39.57,39.5,39.56,13867
2016-12-28 13:15:00,39.56,39.59,39.53,39.58,27597
2016-12-28 13:30:00,39.59,39.6,39.51,39.53,30072
2016-12-28 13:45:00,39.525,39.55,39.5,39.52,14540
2016-12-28 14:00:00,39.51,39.52,39.46,39.47,20585
2016-12-28 14:15:00,39.46,39.53,39.46,39.53,77959
2016-12-28 14:30:00,39.53,39.55,39.495,39.535,34948
2016-12-28 14:45:00,39.53,39.58,39.53,39.55,30503
2016-12-28 15:00:00,39.555,39.56,39.5,39.545,25488
2016-12-28 15:15:00,39.54,39.625,39.535,39.59,30724
2016-12-28 15:30:00,39.59,39.615,39.525,39.54,33122
2016-12-28 15:45:00,39.54,39.575,39.53,39.54,118190
2016-12-28 16:00:00,39.545,39.555,39.47,39.48,194317
2016-12-29 09:45:00,39.46,39.77,39.46,39.65,34204
2016-12-29 10:00:00,39.635,39.635,39.51,39.62,23595
2016-12-29 10:15:00,39.61,39.7,39.59,39.64,21777
2016-12-29 10:30:00,39.63,39.7,39.59,39.61,22007
2016-12-29 10:45:00,39.62,39.65,39.52,39.53,20552
2016-12-29 11:00:00,39.54,39.56,39.38,39.43,33599
2016-12-29 11:15:00,39.43,39.53,39.42,39.515,29123
2016-12-29 11:30:00,39.51,39.57,39.47,39.51,38144
2016-12-29 11:45:00,39.52,39.54,39.4647,39.48,17207
2016-12-29 12:00:00,39.47,39.48,39.39,39.41,16730
2016-12-29 12:15:00,39.41,39.41,39.23,39.27,67211
2016-12-29 12:30:00,39.27,39.35,39.27,39.34,20435
2016-12-29 12:45:00,39.34,39.38,39.33,39.36,23289
2016-12-29 13:00:00,39.35,39.44,39.34,39.38,89398
2016-12-29 13:15:00,39.38,39.42,39.375,39.41,38405
2016-12-29 13:30:00,39.42,39.5,39.39,39.5,15891
2016-12-29 13:45:00,39.49,39.49,39.405,39.42,20418
2016-12-29 14:00:00,39.42,39.45,39.41,39.45,23366
2016-12-29 14:15:00,39.445,39.53,39.445,39.455,33518
2016-12-29 14:30:00,39.455,39.55,39.455,39.48,29617
2016-12-29 14:45:00,39.48,39.5,39.42,39.47,36099
2016-12-29 15:00:00,39.47,39.485,39.43,39.455,31463
2016-12-29 15:15:00,39.45,39.48,39.415,39.455,32369
2016-12-29 15:30:00,39.45,39.49,39.44,39.461999999999996,43022
2016-12-29 15:45:00,39.46,39.48,39.39,39.4,78539
2016-12-29 16:00:00,39.405,39.45,39.38,39.41,168095
2016-12-30 09:45:00,39.66,39.72,39.48,39.6,29104
2016-12-30 10:00:00,39.56,39.61,39.38,39.41,36077
2016-12-30 10:15:00,39.39,39.46,39.32,39.41,69286
2016-12-30 10:30:00,39.413000000000004,39.52,39.38,39.45,26932
2016-12-30 10:45:00,39.46,39.58,39.46,39.54,36484
2016-12-30 11:00:00,39.52,39.625,39.5,39.62,43368
2016-12-30 11:15:00,39.62,39.65,39.59,39.605,45404
2016-12-30 11:30:00,39.6,39.74,39.6,39.72,44114
2016-12-30 11:45:00,39.71,39.73,39.66,39.72,24336
2016-12-30 12:00:00,39.73,39.77,39.67,39.68,23529
2016-12-30 12:15:00,39.69,39.69,39.59,39.65,44846
2016-12-30 12:30:00,39.65,39.66,39.6,39.6,19429
2016-12-30 12:45:00,39.6,39.6201,39.57,39.59,25590
2016-12-30 13:00:00,39.59,39.6099,39.52,39.6,31357
2016-12-30 13:15:00,39.59,39.63,39.59,39.62,17378
2016-12-30 13:30:00,39.625,39.68,39.62,39.64,15834
2016-12-30 13:45:00,39.64,39.64,39.58,39.59,15155
2016-12-30 14:00:00,39.59,39.61,39.53,39.54,23384
2016-12-30 14:15:00,39.54,39.5559,39.51,39.53,31653
2016-12-30 14:30:00,39.53,39.57,39.53,39.55,26886
2016-12-30 14:45:00,39.55,39.58,39.53,39.57,33834
2016-12-30 15:00:00,39.5641,39.5641,39.37,39.46,112778
2016-12-30 15:15:00,39.46,39.56,39.44,39.55,41302
2016-12-30 15:30:00,39.55,39.575,39.51,39.54,30803
2016-12-30 15:45:00,39.54,39.57,39.43,39.45,57589
2016-12-30 16:00:00,39.44,39.59,39.42,39.59,297413
